dataset,seed,method,status,fail_reason,base_f1,aug_f1,gain,aug_count,aug_ratio,actual_aug_ratio,source_space,label_mode,backbone,train_split_only,uses_external_library,library_name,budget_matched,selection_rule,best_val_f1,stop_epoch,warning_count,scaling_low,scaling_high,mixup_alpha,dba_k,dba_max_iter,smote_k_neighbors,transport_error_logeuc_mean,pca_n_components,pca_explained_variance_ratio_sum
atrialfibrillation,1,no_aug,success,,0.21645021645021645,0.21645021645021645,0.0,0,0.0,0.0,none,hard,resnet1d,True,False,none,True,none,0.5555555555555555,30,0,,,,,,,,,
atrialfibrillation,1,raw_aug_jitter,success,,0.21645021645021645,0.13888888888888887,-0.07756132756132758,120,10.0,10.0,raw_time,hard,resnet1d,True,True,tsaug,True,repeat_train_anchors_addnoise,0.3333333333333333,13,0,,,,,,,,,
atrialfibrillation,1,raw_aug_scaling,success,,0.21645021645021645,0.10683760683760683,-0.10961260961260962,120,10.0,10.0,raw_time,hard,resnet1d,True,False,none,True,repeat_train_anchors_amplitude_uniform,0.5555555555555555,30,0,0.8,1.2,,,,,,,
atrialfibrillation,1,raw_aug_timewarp,success,,0.21645021645021645,0.10683760683760683,-0.10961260961260962,120,10.0,10.0,raw_time,hard,resnet1d,True,True,tsaug,True,repeat_train_anchors_timewarp,0.5555555555555555,30,0,,,,,,,,,
atrialfibrillation,1,raw_mixup,success,,0.21645021645021645,0.15555555555555556,-0.06089466089466089,120,10.0,10.0,raw_mixup,soft,resnet1d,True,False,none,True,train_split_random_pair_beta,0.5555555555555555,30,0,,,0.4,,,,,,
atrialfibrillation,1,dba_sameclass,success,,0.21645021645021645,0.24444444444444446,0.027994227994228016,120,10.0,10.0,dtw_barycenter,hard,resnet1d,True,True,tslearn,True,same_class_dba,0.2222222222222222,13,120,,,,5.0,5.0,,,,
atrialfibrillation,1,raw_smote_flatten_balanced,success,,0.21645021645021645,0.21645021645021645,0.0,0,0.0,0.0,flattened_raw,hard,resnet1d,True,True,imbalanced-learn,False,class_balancing_smote_auto,0.5555555555555555,30,0,,,,,,3.0,,,
atrialfibrillation,1,random_cov_state,success,,0.21645021645021645,0.05555555555555555,-0.1608946608946609,120,10.0,10.0,covariance_state,hard,resnet1d,True,False,none,True,random_unit_z_direction,0.5555555555555555,30,0,,,,,,,0.027045971519681054,,
atrialfibrillation,1,pca_cov_state,success,,0.21645021645021645,0.13095238095238096,-0.08549783549783549,120,10.0,10.0,covariance_state,hard,resnet1d,True,False,none,True,pca_top_z_direction,1.0,30,0,,,,,,,0.02706491994421622,3.0,0.9999999403953552
atrialfibrillation,1,csta_top1_current,success,,0.2164502164502164,0.1631701631701631,-0.05328005328005328,120,10.0,10.0,covariance_template,hard,resnet1d,True,False,none,True,anchor_top_response,0.5555555555555555,30,0,,,,,,,,,
atrialfibrillation,1,csta_group_template_top,success,,0.2164502164502164,0.1222222222222222,-0.09422799422799419,120,10.0,10.0,covariance_template,hard,resnet1d,True,False,none,True,group_center_top_response,0.5555555555555555,30,0,,,,,,,,,
atrialfibrillation,2,no_aug,success,,0.32051282051282054,0.32051282051282054,0.0,0,0.0,0.0,none,hard,resnet1d,True,False,none,True,none,0.5555555555555555,28,0,,,,,,,,,
atrialfibrillation,2,raw_aug_jitter,success,,0.32051282051282054,0.26666666666666666,-0.05384615384615388,120,10.0,10.0,raw_time,hard,resnet1d,True,True,tsaug,True,repeat_train_anchors_addnoise,1.0,30,0,,,,,,,,,
atrialfibrillation,2,raw_aug_scaling,success,,0.32051282051282054,0.08888888888888889,-0.23162393162393163,120,10.0,10.0,raw_time,hard,resnet1d,True,False,none,True,repeat_train_anchors_amplitude_uniform,1.0,30,0,0.8,1.2,,,,,,,
atrialfibrillation,2,raw_aug_timewarp,success,,0.32051282051282054,0.26455026455026454,-0.055962555962556004,120,10.0,10.0,raw_time,hard,resnet1d,True,True,tsaug,True,repeat_train_anchors_timewarp,1.0,30,0,,,,,,,,,
atrialfibrillation,2,raw_mixup,success,,0.32051282051282054,0.1574074074074074,-0.16310541310541313,120,10.0,10.0,raw_mixup,soft,resnet1d,True,False,none,True,train_split_random_pair_beta,0.5555555555555555,30,0,,,0.4,,,,,,
atrialfibrillation,2,dba_sameclass,success,,0.32051282051282054,0.3333333333333333,0.012820512820512775,120,10.0,10.0,dtw_barycenter,hard,resnet1d,True,True,tslearn,True,same_class_dba,0.5555555555555555,30,120,,,,5.0,5.0,,,,
atrialfibrillation,2,raw_smote_flatten_balanced,success,,0.32051282051282054,0.32051282051282054,0.0,0,0.0,0.0,flattened_raw,hard,resnet1d,True,True,imbalanced-learn,False,class_balancing_smote_auto,0.5555555555555555,28,0,,,,,,3.0,,,
atrialfibrillation,2,random_cov_state,success,,0.32051282051282054,0.26111111111111107,-0.05940170940170947,120,10.0,10.0,covariance_state,hard,resnet1d,True,False,none,True,random_unit_z_direction,1.0,30,0,,,,,,,0.033143701393542876,,
atrialfibrillation,2,pca_cov_state,success,,0.32051282051282054,0.1623931623931624,-0.15811965811965814,120,10.0,10.0,covariance_state,hard,resnet1d,True,False,none,True,pca_top_z_direction,0.5555555555555555,26,0,,,,,,,0.03315530354971116,3.0,1.0
atrialfibrillation,2,csta_top1_current,success,,0.3205128205128205,0.1555555555555555,-0.16495726495726498,120,10.0,10.0,covariance_template,hard,resnet1d,True,False,none,True,anchor_top_response,1.0,30,0,,,,,,,,,
atrialfibrillation,2,csta_group_template_top,success,,0.3205128205128205,0.1082251082251082,-0.2122877122877123,120,10.0,10.0,covariance_template,hard,resnet1d,True,False,none,True,group_center_top_response,1.0,30,0,,,,,,,,,
atrialfibrillation,3,no_aug,success,,0.16666666666666666,0.16666666666666666,0.0,0,0.0,0.0,none,hard,resnet1d,True,False,none,True,none,0.5555555555555555,30,0,,,,,,,,,
atrialfibrillation,3,raw_aug_jitter,success,,0.16666666666666666,0.3111111111111111,0.14444444444444446,120,10.0,10.0,raw_time,hard,resnet1d,True,True,tsaug,True,repeat_train_anchors_addnoise,1.0,17,0,,,,,,,,,
atrialfibrillation,3,raw_aug_scaling,success,,0.16666666666666666,0.20000000000000004,0.03333333333333338,120,10.0,10.0,raw_time,hard,resnet1d,True,False,none,True,repeat_train_anchors_amplitude_uniform,1.0,20,0,0.8,1.2,,,,,,,
atrialfibrillation,3,raw_aug_timewarp,success,,0.16666666666666666,0.32051282051282054,0.15384615384615388,120,10.0,10.0,raw_time,hard,resnet1d,True,True,tsaug,True,repeat_train_anchors_timewarp,1.0,19,0,,,,,,,,,
atrialfibrillation,3,raw_mixup,success,,0.16666666666666666,0.12535612535612536,-0.04131054131054129,120,10.0,10.0,raw_mixup,soft,resnet1d,True,False,none,True,train_split_random_pair_beta,0.5555555555555555,30,0,,,0.4,,,,,,
atrialfibrillation,3,dba_sameclass,success,,0.16666666666666666,0.19907407407407407,0.03240740740740741,120,10.0,10.0,dtw_barycenter,hard,resnet1d,True,True,tslearn,True,same_class_dba,1.0,18,120,,,,5.0,5.0,,,,
atrialfibrillation,3,raw_smote_flatten_balanced,success,,0.16666666666666666,0.16666666666666666,0.0,0,0.0,0.0,flattened_raw,hard,resnet1d,True,True,imbalanced-learn,False,class_balancing_smote_auto,0.5555555555555555,30,0,,,,,,3.0,,,
atrialfibrillation,3,random_cov_state,success,,0.16666666666666666,0.20000000000000004,0.03333333333333338,120,10.0,10.0,covariance_state,hard,resnet1d,True,False,none,True,random_unit_z_direction,1.0,19,0,,,,,,,0.032393829334275696,,
atrialfibrillation,3,pca_cov_state,success,,0.16666666666666666,0.044444444444444446,-0.1222222222222222,120,10.0,10.0,covariance_state,hard,resnet1d,True,False,none,True,pca_top_z_direction,0.5555555555555555,30,0,,,,,,,0.03237907480273593,3.0,0.9999999403953552
atrialfibrillation,3,csta_top1_current,success,,0.1666666666666666,0.2113997113997114,0.04473304473304479,120,10.0,10.0,covariance_template,hard,resnet1d,True,False,none,True,anchor_top_response,0.5555555555555555,30,0,,,,,,,,,
atrialfibrillation,3,csta_group_template_top,success,,0.1666666666666666,0.1568627450980392,-0.009803921568627388,120,10.0,10.0,covariance_template,hard,resnet1d,True,False,none,True,group_center_top_response,1.0,15,0,,,,,,,,,
ering,1,no_aug,success,,0.5424850558740912,0.5424850558740912,0.0,0,0.0,0.0,none,hard,resnet1d,True,False,none,True,none,0.7777777777777777,24,0,,,,,,,,,
ering,1,raw_aug_jitter,success,,0.5424850558740912,0.7634118204002753,0.2209267645261841,240,10.0,10.0,raw_time,hard,resnet1d,True,True,tsaug,True,repeat_train_anchors_addnoise,0.7777777777777777,30,0,,,,,,,,,
ering,1,raw_aug_scaling,success,,0.5424850558740912,0.7149501676230411,0.17246511174894985,240,10.0,10.0,raw_time,hard,resnet1d,True,False,none,True,repeat_train_anchors_amplitude_uniform,1.0,27,0,0.8,1.2,,,,,,,
ering,1,raw_aug_timewarp,success,,0.5424850558740912,0.7706434106730136,0.22815835479892232,240,10.0,10.0,raw_time,hard,resnet1d,True,True,tsaug,True,repeat_train_anchors_timewarp,0.7777777777777777,30,0,,,,,,,,,
ering,1,raw_mixup,success,,0.5424850558740912,0.8101994220407737,0.2677143661666824,240,10.0,10.0,raw_mixup,soft,resnet1d,True,False,none,True,train_split_random_pair_beta,0.7777777777777778,16,0,,,0.4,,,,,,
ering,1,dba_sameclass,success,,0.5424850558740912,0.7927301429866159,0.2502450871125247,240,10.0,10.0,dtw_barycenter,hard,resnet1d,True,True,tslearn,True,same_class_dba,0.7777777777777777,26,240,,,,5.0,5.0,,,,
ering,1,raw_smote_flatten_balanced,success,,0.5424850558740912,0.5424850558740912,0.0,0,0.0,0.0,flattened_raw,hard,resnet1d,True,True,imbalanced-learn,False,class_balancing_smote_auto,0.7777777777777777,24,0,,,,,,3.0,,,
ering,1,random_cov_state,success,,0.5424850558740912,0.807341689553242,0.2648566336791508,240,10.0,10.0,covariance_state,hard,resnet1d,True,False,none,True,random_unit_z_direction,0.7777777777777777,27,0,,,,,,,0.001317261368891124,,
ering,1,pca_cov_state,success,,0.5424850558740912,0.8528930220106692,0.31040796613657795,240,10.0,10.0,covariance_state,hard,resnet1d,True,False,none,True,pca_top_z_direction,1.0,27,0,,,,,,,0.0013174528043204024,10.0,0.9999999403953552
ering,1,csta_top1_current,success,,0.5424850558740912,0.7711330092133596,0.22864795333926835,240,10.0,10.0,covariance_template,hard,resnet1d,True,False,none,True,anchor_top_response,0.7777777777777777,30,0,,,,,,,,,
ering,1,csta_group_template_top,success,,0.5424850558740912,0.7010058230308848,0.15852076715679353,240,10.0,10.0,covariance_template,hard,resnet1d,True,False,none,True,group_center_top_response,1.0,30,0,,,,,,,,,
ering,2,no_aug,success,,0.848105426301868,0.848105426301868,0.0,0,0.0,0.0,none,hard,resnet1d,True,False,none,True,none,0.7777777777777778,30,0,,,,,,,,,
ering,2,raw_aug_jitter,success,,0.848105426301868,0.881472945633485,0.03336751933161697,240,10.0,10.0,raw_time,hard,resnet1d,True,True,tsaug,True,repeat_train_anchors_addnoise,1.0,21,0,,,,,,,,,
ering,2,raw_aug_scaling,success,,0.848105426301868,0.8019982323066861,-0.04610719399518193,240,10.0,10.0,raw_time,hard,resnet1d,True,False,none,True,repeat_train_anchors_amplitude_uniform,1.0,30,0,0.8,1.2,,,,,,,
ering,2,raw_aug_timewarp,success,,0.848105426301868,0.8547968725987302,0.006691446296862136,240,10.0,10.0,raw_time,hard,resnet1d,True,True,tsaug,True,repeat_train_anchors_timewarp,1.0,22,0,,,,,,,,,
ering,2,raw_mixup,success,,0.848105426301868,0.8619466011209428,0.013841174819074764,240,10.0,10.0,raw_mixup,soft,resnet1d,True,False,none,True,train_split_random_pair_beta,1.0,30,0,,,0.4,,,,,,
ering,2,dba_sameclass,success,,0.848105426301868,0.8672264955547161,0.019121069252848066,240,10.0,10.0,dtw_barycenter,hard,resnet1d,True,True,tslearn,True,same_class_dba,1.0,22,240,,,,5.0,5.0,,,,
ering,2,raw_smote_flatten_balanced,success,,0.848105426301868,0.848105426301868,0.0,0,0.0,0.0,flattened_raw,hard,resnet1d,True,True,imbalanced-learn,False,class_balancing_smote_auto,0.7777777777777778,30,0,,,,,,3.0,,,
ering,2,random_cov_state,success,,0.848105426301868,0.8771350496472868,0.02902962334541881,240,10.0,10.0,covariance_state,hard,resnet1d,True,False,none,True,random_unit_z_direction,1.0,20,0,,,,,,,0.0013012439198476161,,
ering,2,pca_cov_state,success,,0.848105426301868,0.8701537940854668,0.022048367783598755,240,10.0,10.0,covariance_state,hard,resnet1d,True,False,none,True,pca_top_z_direction,1.0,21,0,,,,,,,0.001301650145804759,10.0,0.9999999403953552
ering,2,csta_top1_current,success,,0.848105426301868,0.8605644147623157,0.012458988460447684,240,10.0,10.0,covariance_template,hard,resnet1d,True,False,none,True,anchor_top_response,1.0,30,0,,,,,,,,,
ering,2,csta_group_template_top,success,,0.848105426301868,0.8143064574119382,-0.03379896888992984,240,10.0,10.0,covariance_template,hard,resnet1d,True,False,none,True,group_center_top_response,1.0,30,0,,,,,,,,,
ering,3,no_aug,success,,0.8501737413578302,0.8501737413578302,0.0,0,0.0,0.0,none,hard,resnet1d,True,False,none,True,none,0.7777777777777778,30,0,,,,,,,,,
ering,3,raw_aug_jitter,success,,0.8501737413578302,0.6548812440081743,-0.19529249734965592,240,10.0,10.0,raw_time,hard,resnet1d,True,True,tsaug,True,repeat_train_anchors_addnoise,0.7777777777777778,20,0,,,,,,,,,
ering,3,raw_aug_scaling,success,,0.8501737413578302,0.7005024808998183,-0.14967126045801193,240,10.0,10.0,raw_time,hard,resnet1d,True,False,none,True,repeat_train_anchors_amplitude_uniform,0.7777777777777778,20,0,0.8,1.2,,,,,,,
ering,3,raw_aug_timewarp,success,,0.8501737413578302,0.7372423688613051,-0.11293137249652507,240,10.0,10.0,raw_time,hard,resnet1d,True,True,tsaug,True,repeat_train_anchors_timewarp,1.0,21,0,,,,,,,,,
ering,3,raw_mixup,success,,0.8501737413578302,0.784509032090401,-0.06566470926742918,240,10.0,10.0,raw_mixup,soft,resnet1d,True,False,none,True,train_split_random_pair_beta,0.7777777777777777,19,0,,,0.4,,,,,,
ering,3,dba_sameclass,success,,0.8501737413578302,0.8414960913532203,-0.00867765000460985,240,10.0,10.0,dtw_barycenter,hard,resnet1d,True,True,tslearn,True,same_class_dba,1.0,25,240,,,,5.0,5.0,,,,
ering,3,raw_smote_flatten_balanced,success,,0.8501737413578302,0.8501737413578302,0.0,0,0.0,0.0,flattened_raw,hard,resnet1d,True,True,imbalanced-learn,False,class_balancing_smote_auto,0.7777777777777778,30,0,,,,,,3.0,,,
ering,3,random_cov_state,success,,0.8501737413578302,0.6789918313366403,-0.17118191002118988,240,10.0,10.0,covariance_state,hard,resnet1d,True,False,none,True,random_unit_z_direction,1.0,27,0,,,,,,,0.0013502155897947823,,
ering,3,pca_cov_state,success,,0.8501737413578302,0.827486048389814,-0.022687692968016204,240,10.0,10.0,covariance_state,hard,resnet1d,True,False,none,True,pca_top_z_direction,1.0,15,0,,,,,,,0.0013507066638475873,10.0,0.9999998807907104
ering,3,csta_top1_current,success,,0.8501737413578302,0.8799985413910164,0.029824800033186216,240,10.0,10.0,covariance_template,hard,resnet1d,True,False,none,True,anchor_top_response,1.0,22,0,,,,,,,,,
ering,3,csta_group_template_top,success,,0.8501737413578302,0.8351059504074262,-0.015067790950404003,240,10.0,10.0,covariance_template,hard,resnet1d,True,False,none,True,group_center_top_response,1.0,16,0,,,,,,,,,
handmovementdirection,1,no_aug,success,,0.23844289670902574,0.23844289670902574,0.0,0,0.0,0.0,none,hard,resnet1d,True,False,none,True,none,0.5395413410119293,21,0,,,,,,,,,
handmovementdirection,1,raw_aug_jitter,success,,0.23844289670902574,0.2831229466628448,0.04468004995381908,1280,10.0,10.0,raw_time,hard,resnet1d,True,True,tsaug,True,repeat_train_anchors_addnoise,0.40821678321678323,20,0,,,,,,,,,
handmovementdirection,1,raw_aug_scaling,success,,0.23844289670902574,0.25382759223640494,0.0153846955273792,1280,10.0,10.0,raw_time,hard,resnet1d,True,False,none,True,repeat_train_anchors_amplitude_uniform,0.44561403508771935,30,0,0.8,1.2,,,,,,,
handmovementdirection,1,raw_aug_timewarp,success,,0.23844289670902574,0.2951007326007326,0.056657835891706865,1280,10.0,10.0,raw_time,hard,resnet1d,True,True,tsaug,True,repeat_train_anchors_timewarp,0.423234126984127,11,0,,,,,,,,,
handmovementdirection,1,raw_mixup,success,,0.23844289670902574,0.2901713456493833,0.05172844894035755,1280,10.0,10.0,raw_mixup,soft,resnet1d,True,False,none,True,train_split_random_pair_beta,0.4519047619047619,21,0,,,0.4,,,,,,
handmovementdirection,1,dba_sameclass,success,,0.23844289670902574,0.3836378382993256,0.14519494159029983,1280,10.0,10.0,dtw_barycenter,hard,resnet1d,True,True,tslearn,True,same_class_dba,0.5167542016806722,30,0,,,,5.0,5.0,,,,
handmovementdirection,1,raw_smote_flatten_balanced,success,,0.23844289670902574,0.23844289670902574,0.0,0,0.0,0.0,flattened_raw,hard,resnet1d,True,True,imbalanced-learn,False,class_balancing_smote_auto,0.5395413410119293,21,0,,,,,,5.0,,,
handmovementdirection,1,random_cov_state,success,,0.23844289670902574,0.2978106676959372,0.05936777098691148,1280,10.0,10.0,covariance_state,hard,resnet1d,True,False,none,True,random_unit_z_direction,0.3897530165912519,20,0,,,,,,,1.1122564932851676e-07,,
handmovementdirection,1,pca_cov_state,success,,0.23844289670902574,0.3510470507753117,0.11260415406628593,1280,10.0,10.0,covariance_state,hard,resnet1d,True,False,none,True,pca_top_z_direction,0.3720588235294117,13,0,,,,,,,1.1122576163040905e-07,10.0,0.614203155040741
handmovementdirection,1,csta_top1_current,success,,0.2384428967090257,0.2792634996582365,0.040820602949210805,1280,10.0,10.0,covariance_template,hard,resnet1d,True,False,none,True,anchor_top_response,0.4893503555268261,14,0,,,,,,,,,
handmovementdirection,1,csta_group_template_top,success,,0.2384428967090257,0.2395241395241395,0.0010812428151138198,1280,10.0,10.0,covariance_template,hard,resnet1d,True,False,none,True,group_center_top_response,0.4215686274509804,17,0,,,,,,,,,
handmovementdirection,2,no_aug,success,,0.2030680813439434,0.2030680813439434,0.0,0,0.0,0.0,none,hard,resnet1d,True,False,none,True,none,0.3214285714285714,17,0,,,,,,,,,
handmovementdirection,2,raw_aug_jitter,success,,0.2030680813439434,0.319182693762761,0.11611461241881757,1280,10.0,10.0,raw_time,hard,resnet1d,True,True,tsaug,True,repeat_train_anchors_addnoise,0.4737394957983193,22,0,,,,,,,,,
handmovementdirection,2,raw_aug_scaling,success,,0.2030680813439434,0.264703425229741,0.06163534388579758,1280,10.0,10.0,raw_time,hard,resnet1d,True,False,none,True,repeat_train_anchors_amplitude_uniform,0.4621760592348828,14,0,0.8,1.2,,,,,,,
handmovementdirection,2,raw_aug_timewarp,success,,0.2030680813439434,0.3136987281724124,0.11063064682846899,1280,10.0,10.0,raw_time,hard,resnet1d,True,True,tsaug,True,repeat_train_anchors_timewarp,0.5568627450980392,30,0,,,,,,,,,
handmovementdirection,2,raw_mixup,success,,0.2030680813439434,0.1471825063078217,-0.05588557503612171,1280,10.0,10.0,raw_mixup,soft,resnet1d,True,False,none,True,train_split_random_pair_beta,0.31513409961685823,16,0,,,0.4,,,,,,
handmovementdirection,2,dba_sameclass,success,,0.2030680813439434,0.3627874769179117,0.15971939557396828,1280,10.0,10.0,dtw_barycenter,hard,resnet1d,True,True,tslearn,True,same_class_dba,0.500392785319256,29,0,,,,5.0,5.0,,,,
handmovementdirection,2,raw_smote_flatten_balanced,success,,0.2030680813439434,0.2030680813439434,0.0,0,0.0,0.0,flattened_raw,hard,resnet1d,True,True,imbalanced-learn,False,class_balancing_smote_auto,0.3214285714285714,17,0,,,,,,5.0,,,
handmovementdirection,2,random_cov_state,success,,0.2030680813439434,0.24690934065934064,0.04384125931539723,1280,10.0,10.0,covariance_state,hard,resnet1d,True,False,none,True,random_unit_z_direction,0.38832833832833835,22,0,,,,,,,1.1118641264596458e-07,,
handmovementdirection,2,pca_cov_state,success,,0.2030680813439434,0.2567315286065286,0.05366344726258518,1280,10.0,10.0,covariance_state,hard,resnet1d,True,False,none,True,pca_top_z_direction,0.4083333333333333,14,0,,,,,,,1.1119543866528438e-07,10.0,0.6061246395111084
handmovementdirection,2,csta_top1_current,success,,0.2030680813439434,0.2448107448107448,0.04174266346680139,1280,10.0,10.0,covariance_template,hard,resnet1d,True,False,none,True,anchor_top_response,0.4606553147574819,23,0,,,,,,,,,
handmovementdirection,2,csta_group_template_top,success,,0.2030680813439434,0.2732747146834746,0.07020663333953117,1280,10.0,10.0,covariance_template,hard,resnet1d,True,False,none,True,group_center_top_response,0.4501893939393939,13,0,,,,,,,,,
handmovementdirection,3,no_aug,success,,0.18756284565108094,0.18756284565108094,0.0,0,0.0,0.0,none,hard,resnet1d,True,False,none,True,none,0.3456896551724138,15,0,,,,,,,,,
handmovementdirection,3,raw_aug_jitter,success,,0.18756284565108094,0.33529202279202275,0.1477291771409418,1280,10.0,10.0,raw_time,hard,resnet1d,True,True,tsaug,True,repeat_train_anchors_addnoise,0.41498778998778996,22,0,,,,,,,,,
handmovementdirection,3,raw_aug_scaling,success,,0.18756284565108094,0.30311973098688205,0.11555688533580111,1280,10.0,10.0,raw_time,hard,resnet1d,True,False,none,True,repeat_train_anchors_amplitude_uniform,0.3193860877684407,12,0,0.8,1.2,,,,,,,
handmovementdirection,3,raw_aug_timewarp,success,,0.18756284565108094,0.34822065711330386,0.1606578114622229,1280,10.0,10.0,raw_time,hard,resnet1d,True,True,tsaug,True,repeat_train_anchors_timewarp,0.43446356275303644,25,0,,,,,,,,,
handmovementdirection,3,raw_mixup,success,,0.18756284565108094,0.20212355212355212,0.01456070647247118,1280,10.0,10.0,raw_mixup,soft,resnet1d,True,False,none,True,train_split_random_pair_beta,0.3166666666666667,12,0,,,0.4,,,,,,
handmovementdirection,3,dba_sameclass,success,,0.18756284565108094,0.3114495798319328,0.12388673418085183,1280,10.0,10.0,dtw_barycenter,hard,resnet1d,True,True,tslearn,True,same_class_dba,0.42725202429149794,24,0,,,,5.0,5.0,,,,
handmovementdirection,3,raw_smote_flatten_balanced,success,,0.18756284565108094,0.18756284565108094,0.0,0,0.0,0.0,flattened_raw,hard,resnet1d,True,True,imbalanced-learn,False,class_balancing_smote_auto,0.3456896551724138,15,0,,,,,,5.0,,,
handmovementdirection,3,random_cov_state,success,,0.18756284565108094,0.326324469181612,0.13876162353053106,1280,10.0,10.0,covariance_state,hard,resnet1d,True,False,none,True,random_unit_z_direction,0.28360423116615063,25,0,,,,,,,1.1147033529183393e-07,,
handmovementdirection,3,pca_cov_state,success,,0.18756284565108094,0.28519219209962543,0.09762934644854449,1280,10.0,10.0,covariance_state,hard,resnet1d,True,False,none,True,pca_top_z_direction,0.29848660111818004,21,0,,,,,,,1.1148696691926239e-07,10.0,0.6058002710342407
handmovementdirection,3,csta_top1_current,success,,0.1875628456510809,0.3022830090837565,0.1147201634326756,1280,10.0,10.0,covariance_template,hard,resnet1d,True,False,none,True,anchor_top_response,0.3084116541353383,30,0,,,,,,,,,
handmovementdirection,3,csta_group_template_top,success,,0.1875628456510809,0.2937645494265703,0.10620170377548943,1280,10.0,10.0,covariance_template,hard,resnet1d,True,False,none,True,group_center_top_response,0.3191123188405797,11,0,,,,,,,,,
handwriting,1,no_aug,success,,0.382737297846506,0.382737297846506,0.0,0,0.0,0.0,none,hard,resnet1d,True,False,none,True,none,0.3055555555555555,30,0,,,,,,,,,
handwriting,1,raw_aug_jitter,success,,0.382737297846506,0.5232223368972456,0.1404850390507396,1200,10.0,10.0,raw_time,hard,resnet1d,True,True,tsaug,True,repeat_train_anchors_addnoise,0.38333333333333336,26,0,,,,,,,,,
handwriting,1,raw_aug_scaling,success,,0.382737297846506,0.48571181142814357,0.10297451358163756,1200,10.0,10.0,raw_time,hard,resnet1d,True,False,none,True,repeat_train_anchors_amplitude_uniform,0.44933333333333336,30,0,0.8,1.2,,,,,,,
handwriting,1,raw_aug_timewarp,success,,0.382737297846506,0.4811126402346147,0.09837534238810869,1200,10.0,10.0,raw_time,hard,resnet1d,True,True,tsaug,True,repeat_train_anchors_timewarp,0.44799999999999995,30,0,,,,,,,,,
handwriting,1,raw_mixup,success,,0.382737297846506,0.36154430574386465,-0.02119299210264136,1200,10.0,10.0,raw_mixup,soft,resnet1d,True,False,none,True,train_split_random_pair_beta,0.3132936507936508,29,0,,,0.4,,,,,,
handwriting,1,dba_sameclass,success,,0.382737297846506,0.39542410406241313,0.01268680621590712,1200,10.0,10.0,dtw_barycenter,hard,resnet1d,True,True,tslearn,True,same_class_dba,0.292,19,400,,,,5.0,5.0,,,,
handwriting,1,raw_smote_flatten_balanced,success,,0.382737297846506,0.46338367575245,0.08064637790594398,114,0.95,0.95,flattened_raw,hard,resnet1d,True,True,imbalanced-learn,False,class_balancing_smote_auto,0.4236111111111111,30,0,,,,,,1.0,,,
handwriting,1,random_cov_state,success,,0.382737297846506,0.4822955299476751,0.0995582321011691,1200,10.0,10.0,covariance_state,hard,resnet1d,True,False,none,True,random_unit_z_direction,0.4,18,0,,,,,,,0.0003234982522515674,,
handwriting,1,pca_cov_state,success,,0.382737297846506,0.5107466165913952,0.1280093187448892,1200,10.0,10.0,covariance_state,hard,resnet1d,True,False,none,True,pca_top_z_direction,0.3426666666666667,19,0,,,,,,,0.0003235855563832931,6.0,1.0
handwriting,1,csta_top1_current,success,,0.382737297846506,0.486621859042157,0.10388456119565098,1200,10.0,10.0,covariance_template,hard,resnet1d,True,False,none,True,anchor_top_response,0.3453333333333333,15,0,,,,,,,,,
handwriting,1,csta_group_template_top,success,,0.382737297846506,0.4907991466134473,0.1080618487669413,1200,10.0,10.0,covariance_template,hard,resnet1d,True,False,none,True,group_center_top_response,0.4306666666666666,19,0,,,,,,,,,
handwriting,2,no_aug,success,,0.4136709560472157,0.4136709560472157,0.0,0,0.0,0.0,none,hard,resnet1d,True,False,none,True,none,0.34027777777777773,30,0,,,,,,,,,
handwriting,2,raw_aug_jitter,success,,0.4136709560472157,0.5095735231943004,0.09590256714708467,1200,10.0,10.0,raw_time,hard,resnet1d,True,True,tsaug,True,repeat_train_anchors_addnoise,0.5055555555555555,17,0,,,,,,,,,
handwriting,2,raw_aug_scaling,success,,0.4136709560472157,0.431861281862324,0.018190325815108266,1200,10.0,10.0,raw_time,hard,resnet1d,True,False,none,True,repeat_train_anchors_amplitude_uniform,0.40158730158730155,16,0,0.8,1.2,,,,,,,
handwriting,2,raw_aug_timewarp,success,,0.4136709560472157,0.4428858402196595,0.029214884172443778,1200,10.0,10.0,raw_time,hard,resnet1d,True,True,tsaug,True,repeat_train_anchors_timewarp,0.4390873015873016,16,0,,,,,,,,,
handwriting,2,raw_mixup,success,,0.4136709560472157,0.3989142262913329,-0.014756729755882825,1200,10.0,10.0,raw_mixup,soft,resnet1d,True,False,none,True,train_split_random_pair_beta,0.4668650793650793,19,0,,,0.4,,,,,,
handwriting,2,dba_sameclass,success,,0.4136709560472157,0.4163574224342125,0.0026864663869967664,1200,10.0,10.0,dtw_barycenter,hard,resnet1d,True,True,tslearn,True,same_class_dba,0.33542857142857146,30,400,,,,5.0,5.0,,,,
handwriting,2,raw_smote_flatten_balanced,success,,0.4136709560472157,0.3830756262528766,-0.0305953297943391,114,0.95,0.95,flattened_raw,hard,resnet1d,True,True,imbalanced-learn,False,class_balancing_smote_auto,0.33333333333333326,30,0,,,,,,1.0,,,
handwriting,2,random_cov_state,success,,0.4136709560472157,0.4569835573835273,0.043312601336311596,1200,10.0,10.0,covariance_state,hard,resnet1d,True,False,none,True,random_unit_z_direction,0.4847222222222222,22,0,,,,,,,0.00031998749797953037,,
handwriting,2,pca_cov_state,success,,0.4136709560472157,0.43572233097758606,0.02205137493037035,1200,10.0,10.0,covariance_state,hard,resnet1d,True,False,none,True,pca_top_z_direction,0.4599206349206349,30,0,,,,,,,0.00031978780700214965,6.0,0.9999999403953552
handwriting,2,csta_top1_current,success,,0.4136709560472157,0.45790823937512,0.044237283327904275,1200,10.0,10.0,covariance_template,hard,resnet1d,True,False,none,True,anchor_top_response,0.4444444444444445,23,0,,,,,,,,,
handwriting,2,csta_group_template_top,success,,0.4136709560472157,0.4769928568624543,0.06332190081523859,1200,10.0,10.0,covariance_template,hard,resnet1d,True,False,none,True,group_center_top_response,0.4916666666666667,23,0,,,,,,,,,
handwriting,3,no_aug,success,,0.4038917991696072,0.4038917991696072,0.0,0,0.0,0.0,none,hard,resnet1d,True,False,none,True,none,0.33055555555555555,30,0,,,,,,,,,
handwriting,3,raw_aug_jitter,success,,0.4038917991696072,0.45856494682777094,0.05467314765816372,1200,10.0,10.0,raw_time,hard,resnet1d,True,True,tsaug,True,repeat_train_anchors_addnoise,0.4266666666666667,17,0,,,,,,,,,
handwriting,3,raw_aug_scaling,success,,0.4038917991696072,0.43454371811262,0.03065191894301278,1200,10.0,10.0,raw_time,hard,resnet1d,True,False,none,True,repeat_train_anchors_amplitude_uniform,0.35833333333333334,29,0,0.8,1.2,,,,,,,
handwriting,3,raw_aug_timewarp,success,,0.4038917991696072,0.47820161506775916,0.07430981589815194,1200,10.0,10.0,raw_time,hard,resnet1d,True,True,tsaug,True,repeat_train_anchors_timewarp,0.4166666666666667,27,0,,,,,,,,,
handwriting,3,raw_mixup,success,,0.4038917991696072,0.3188301420934155,-0.08506165707619173,1200,10.0,10.0,raw_mixup,soft,resnet1d,True,False,none,True,train_split_random_pair_beta,0.2779761904761905,14,0,,,0.4,,,,,,
handwriting,3,dba_sameclass,success,,0.4038917991696072,0.35191634721596493,-0.05197545195364228,1200,10.0,10.0,dtw_barycenter,hard,resnet1d,True,True,tslearn,True,same_class_dba,0.38611111111111107,18,400,,,,5.0,5.0,,,,
handwriting,3,raw_smote_flatten_balanced,success,,0.4038917991696072,0.43691598687051836,0.033024187700911145,114,0.95,0.95,flattened_raw,hard,resnet1d,True,True,imbalanced-learn,False,class_balancing_smote_auto,0.40138888888888885,30,0,,,,,,1.0,,,
handwriting,3,random_cov_state,success,,0.4038917991696072,0.45387301816529885,0.049981218995691634,1200,10.0,10.0,covariance_state,hard,resnet1d,True,False,none,True,random_unit_z_direction,0.325,20,0,,,,,,,0.0003246335819973823,,
handwriting,3,pca_cov_state,success,,0.4038917991696072,0.45585281918268705,0.05196102001307984,1200,10.0,10.0,covariance_state,hard,resnet1d,True,False,none,True,pca_top_z_direction,0.3902777777777778,20,0,,,,,,,0.000324747311473929,6.0,0.9999999403953552
handwriting,3,csta_top1_current,success,,0.4038917991696072,0.4369454160902133,0.0330536169206061,1200,10.0,10.0,covariance_template,hard,resnet1d,True,False,none,True,anchor_top_response,0.3444444444444444,17,0,,,,,,,,,
handwriting,3,csta_group_template_top,success,,0.4038917991696072,0.4604193672262013,0.05652756805659409,1200,10.0,10.0,covariance_template,hard,resnet1d,True,False,none,True,group_center_top_response,0.386111111111111,24,0,,,,,,,,,
japanesevowels,1,no_aug,success,,0.9561456014766324,0.9561456014766324,0.0,0,0.0,0.0,none,hard,resnet1d,True,False,none,True,none,0.9452769452769453,30,0,,,,,,,,,
japanesevowels,1,raw_aug_jitter,success,,0.9561456014766324,0.9855157729231002,0.029370171446467808,2160,10.0,10.0,raw_time,hard,resnet1d,True,True,tsaug,True,repeat_train_anchors_addnoise,0.9627039627039626,23,0,,,,,,,,,
japanesevowels,1,raw_aug_scaling,success,,0.9561456014766324,0.9673098102049644,0.011164208728332015,2160,10.0,10.0,raw_time,hard,resnet1d,True,False,none,True,repeat_train_anchors_amplitude_uniform,0.9628334628334628,23,0,0.8,1.2,,,,,,,
japanesevowels,1,raw_aug_timewarp,success,,0.9561456014766324,0.9741204523679046,0.017974850891272154,2160,10.0,10.0,raw_time,hard,resnet1d,True,True,tsaug,True,repeat_train_anchors_timewarp,0.9813519813519815,19,0,,,,,,,,,
japanesevowels,1,raw_mixup,success,,0.9561456014766324,0.9855802576858337,0.02943465620920127,2160,10.0,10.0,raw_mixup,soft,resnet1d,True,False,none,True,train_split_random_pair_beta,0.9813519813519813,30,0,,,0.4,,,,,,
japanesevowels,1,dba_sameclass,success,,0.9561456014766324,0.978753207436399,0.02260760595976663,2160,10.0,10.0,dtw_barycenter,hard,resnet1d,True,True,tslearn,True,same_class_dba,0.9440559440559441,24,0,,,,5.0,5.0,,,,
japanesevowels,1,raw_smote_flatten_balanced,success,,0.9561456014766324,0.9561456014766324,0.0,0,0.0,0.0,flattened_raw,hard,resnet1d,True,True,imbalanced-learn,False,class_balancing_smote_auto,0.9452769452769453,30,0,,,,,,5.0,,,
japanesevowels,1,random_cov_state,success,,0.9561456014766324,0.9866328147908892,0.030487213314256745,2160,10.0,10.0,covariance_state,hard,resnet1d,True,False,none,True,random_unit_z_direction,0.9813519813519815,13,0,,,,,,,2.4621617415920185,,
japanesevowels,1,pca_cov_state,success,,0.9561456014766324,0.9627034640761973,0.006557862599564923,2160,10.0,10.0,covariance_state,hard,resnet1d,True,False,none,True,pca_top_z_direction,0.9628334628334628,18,0,,,,,,,2.4622460803517026,10.0,0.6253258585929871
japanesevowels,1,csta_top1_current,success,,0.9561456014766324,0.9815603038063924,0.025414702329759953,2160,10.0,10.0,covariance_template,hard,resnet1d,True,False,none,True,anchor_top_response,0.9813519813519817,20,0,,,,,,,,,
japanesevowels,1,csta_group_template_top,success,,0.9561456014766324,0.971980864357344,0.015835262880711576,2160,10.0,10.0,covariance_template,hard,resnet1d,True,False,none,True,group_center_top_response,0.963924963924964,22,0,,,,,,,,,
japanesevowels,2,no_aug,success,,0.9741476029508114,0.9741476029508114,0.0,0,0.0,0.0,none,hard,resnet1d,True,False,none,True,none,1.0,30,0,,,,,,,,,
japanesevowels,2,raw_aug_jitter,success,,0.9741476029508114,0.9826996551409527,0.008552052190141324,2160,10.0,10.0,raw_time,hard,resnet1d,True,True,tsaug,True,repeat_train_anchors_addnoise,1.0,30,0,,,,,,,,,
japanesevowels,2,raw_aug_scaling,success,,0.9741476029508114,0.9763817053502909,0.0022341023994795206,2160,10.0,10.0,raw_time,hard,resnet1d,True,False,none,True,repeat_train_anchors_amplitude_uniform,1.0,30,0,0.8,1.2,,,,,,,
japanesevowels,2,raw_aug_timewarp,success,,0.9741476029508114,0.9736225186065971,-0.0005250843442142772,2160,10.0,10.0,raw_time,hard,resnet1d,True,True,tsaug,True,repeat_train_anchors_timewarp,1.0,30,0,,,,,,,,,
japanesevowels,2,raw_mixup,success,,0.9741476029508114,0.9668876987303384,-0.007259904220472957,2160,10.0,10.0,raw_mixup,soft,resnet1d,True,False,none,True,train_split_random_pair_beta,1.0,30,0,,,0.4,,,,,,
japanesevowels,2,dba_sameclass,success,,0.9741476029508114,0.9784044696769024,0.0042568667260910464,2160,10.0,10.0,dtw_barycenter,hard,resnet1d,True,True,tslearn,True,same_class_dba,1.0,30,0,,,,5.0,5.0,,,,
japanesevowels,2,raw_smote_flatten_balanced,success,,0.9741476029508114,0.9741476029508114,0.0,0,0.0,0.0,flattened_raw,hard,resnet1d,True,True,imbalanced-learn,False,class_balancing_smote_auto,1.0,30,0,,,,,,5.0,,,
japanesevowels,2,random_cov_state,success,,0.9741476029508114,0.973509205873986,-0.0006383970768253366,2160,10.0,10.0,covariance_state,hard,resnet1d,True,False,none,True,random_unit_z_direction,1.0,30,0,,,,,,,2.4439405190992347,,
japanesevowels,2,pca_cov_state,success,,0.9741476029508114,0.968010015945806,-0.006137587005005329,2160,10.0,10.0,covariance_state,hard,resnet1d,True,False,none,True,pca_top_z_direction,1.0,30,0,,,,,,,2.444249333384867,10.0,0.6218569874763489
japanesevowels,2,csta_top1_current,success,,0.9741476029508114,0.9702930483850692,-0.00385455456574213,2160,10.0,10.0,covariance_template,hard,resnet1d,True,False,none,True,anchor_top_response,1.0,30,0,,,,,,,,,
japanesevowels,2,csta_group_template_top,success,,0.9741476029508114,0.9683176342016736,-0.0058299687491377705,2160,10.0,10.0,covariance_template,hard,resnet1d,True,False,none,True,group_center_top_response,1.0,30,0,,,,,,,,,
japanesevowels,3,no_aug,success,,0.9681596726696929,0.9681596726696929,0.0,0,0.0,0.0,none,hard,resnet1d,True,False,none,True,none,1.0,30,0,,,,,,,,,
japanesevowels,3,raw_aug_jitter,success,,0.9681596726696929,0.9796070711358829,0.011447398466189918,2160,10.0,10.0,raw_time,hard,resnet1d,True,True,tsaug,True,repeat_train_anchors_addnoise,1.0,25,0,,,,,,,,,
japanesevowels,3,raw_aug_scaling,success,,0.9681596726696929,0.9855395586839707,0.017379886014277757,2160,10.0,10.0,raw_time,hard,resnet1d,True,False,none,True,repeat_train_anchors_amplitude_uniform,1.0,30,0,0.8,1.2,,,,,,,
japanesevowels,3,raw_aug_timewarp,success,,0.9681596726696929,0.9835744063133279,0.015414733643634992,2160,10.0,10.0,raw_time,hard,resnet1d,True,True,tsaug,True,repeat_train_anchors_timewarp,1.0,30,0,,,,,,,,,
japanesevowels,3,raw_mixup,success,,0.9681596726696929,0.9781854517655026,0.010025779095809706,2160,10.0,10.0,raw_mixup,soft,resnet1d,True,False,none,True,train_split_random_pair_beta,1.0,30,0,,,0.4,,,,,,
japanesevowels,3,dba_sameclass,success,,0.9681596726696929,0.9830975321474834,0.014937859477790472,2160,10.0,10.0,dtw_barycenter,hard,resnet1d,True,True,tslearn,True,same_class_dba,1.0,30,0,,,,5.0,5.0,,,,
japanesevowels,3,raw_smote_flatten_balanced,success,,0.9681596726696929,0.9681596726696929,0.0,0,0.0,0.0,flattened_raw,hard,resnet1d,True,True,imbalanced-learn,False,class_balancing_smote_auto,1.0,30,0,,,,,,5.0,,,
japanesevowels,3,random_cov_state,success,,0.9681596726696929,0.9917695653737475,0.023609892704054558,2160,10.0,10.0,covariance_state,hard,resnet1d,True,False,none,True,random_unit_z_direction,1.0,30,0,,,,,,,2.444048555188742,,
japanesevowels,3,pca_cov_state,success,,0.9681596726696929,0.9798297053132425,0.0116700326435496,2160,10.0,10.0,covariance_state,hard,resnet1d,True,False,none,True,pca_top_z_direction,1.0,30,0,,,,,,,2.4439538798602096,10.0,0.6222749352455139
japanesevowels,3,csta_top1_current,success,,0.9681596726696928,0.9596290379699084,-0.008530634699784434,2160,10.0,10.0,covariance_template,hard,resnet1d,True,False,none,True,anchor_top_response,1.0,14,0,,,,,,,,,
japanesevowels,3,csta_group_template_top,success,,0.9681596726696928,0.9693145868587528,0.0011549141890599968,2160,10.0,10.0,covariance_template,hard,resnet1d,True,False,none,True,group_center_top_response,1.0,29,0,,,,,,,,,
natops,1,no_aug,success,,0.9373000436629222,0.9373000436629222,0.0,0,0.0,0.0,none,hard,resnet1d,True,False,none,True,none,0.972027972027972,18,0,,,,,,,,,
natops,1,raw_aug_jitter,success,,0.9373000436629222,0.9718951883498628,0.03459514468694058,1440,10.0,10.0,raw_time,hard,resnet1d,True,True,tsaug,True,repeat_train_anchors_addnoise,0.972027972027972,28,0,,,,,,,,,
natops,1,raw_aug_scaling,success,,0.9373000436629222,0.9720323546664197,0.034732311003497496,1440,10.0,10.0,raw_time,hard,resnet1d,True,False,none,True,repeat_train_anchors_amplitude_uniform,0.972027972027972,30,0,0.8,1.2,,,,,,,
natops,1,raw_aug_timewarp,success,,0.9373000436629222,0.9774264897215716,0.040126446058649456,1440,10.0,10.0,raw_time,hard,resnet1d,True,True,tsaug,True,repeat_train_anchors_timewarp,0.972027972027972,30,0,,,,,,,,,
natops,1,raw_mixup,success,,0.9373000436629222,0.9495962847631229,0.012296241100200667,1440,10.0,10.0,raw_mixup,soft,resnet1d,True,False,none,True,train_split_random_pair_beta,0.972027972027972,27,0,,,0.4,,,,,,
natops,1,dba_sameclass,success,,0.9373000436629222,0.9555432064462351,0.01824316278331295,1440,10.0,10.0,dtw_barycenter,hard,resnet1d,True,True,tslearn,True,same_class_dba,0.972027972027972,20,0,,,,5.0,5.0,,,,
natops,1,raw_smote_flatten_balanced,success,,0.9373000436629222,0.9373000436629222,0.0,0,0.0,0.0,flattened_raw,hard,resnet1d,True,True,imbalanced-learn,False,class_balancing_smote_auto,0.972027972027972,18,0,,,,,,5.0,,,
natops,1,random_cov_state,success,,0.9373000436629222,0.9498025636352591,0.012502519972336867,1440,10.0,10.0,covariance_state,hard,resnet1d,True,False,none,True,random_unit_z_direction,0.972027972027972,30,0,,,,,,,2.911407129727777,,
natops,1,pca_cov_state,success,,0.9373000436629222,0.972152603731551,0.0348525600686288,1440,10.0,10.0,covariance_state,hard,resnet1d,True,False,none,True,pca_top_z_direction,0.972027972027972,28,0,,,,,,,2.9117163033934617,10.0,0.7684680223464966
natops,1,csta_top1_current,success,,0.9373000436629222,0.9608391608391608,0.023539117176238578,1440,10.0,10.0,covariance_template,hard,resnet1d,True,False,none,True,anchor_top_response,0.972027972027972,30,0,,,,,,,,,
natops,1,csta_group_template_top,success,,0.9373000436629222,0.977777777777778,0.04047773411485578,1440,10.0,10.0,covariance_template,hard,resnet1d,True,False,none,True,group_center_top_response,0.972027972027972,30,0,,,,,,,,,
natops,2,no_aug,success,,0.9070392331641024,0.9070392331641024,0.0,0,0.0,0.0,none,hard,resnet1d,True,False,none,True,none,1.0,27,0,,,,,,,,,
natops,2,raw_aug_jitter,success,,0.9070392331641024,0.9604306383507204,0.053391405186618,1440,10.0,10.0,raw_time,hard,resnet1d,True,True,tsaug,True,repeat_train_anchors_addnoise,1.0,30,0,,,,,,,,,
natops,2,raw_aug_scaling,success,,0.9070392331641024,0.9662711654925226,0.05923193232842017,1440,10.0,10.0,raw_time,hard,resnet1d,True,False,none,True,repeat_train_anchors_amplitude_uniform,0.9720279720279721,30,0,0.8,1.2,,,,,,,
natops,2,raw_aug_timewarp,success,,0.9070392331641024,0.9154572268044352,0.0084179936403328,1440,10.0,10.0,raw_time,hard,resnet1d,True,True,tsaug,True,repeat_train_anchors_timewarp,1.0,12,0,,,,,,,,,
natops,2,raw_mixup,success,,0.9070392331641024,0.9251688961219386,0.018129662957836246,1440,10.0,10.0,raw_mixup,soft,resnet1d,True,False,none,True,train_split_random_pair_beta,0.9720279720279721,30,0,,,0.4,,,,,,
natops,2,dba_sameclass,success,,0.9070392331641024,0.9609623015873016,0.05392306842319916,1440,10.0,10.0,dtw_barycenter,hard,resnet1d,True,True,tslearn,True,same_class_dba,0.9720279720279721,30,0,,,,5.0,5.0,,,,
natops,2,raw_smote_flatten_balanced,success,,0.9070392331641024,0.9070392331641024,0.0,0,0.0,0.0,flattened_raw,hard,resnet1d,True,True,imbalanced-learn,False,class_balancing_smote_auto,1.0,27,0,,,,,,5.0,,,
natops,2,random_cov_state,success,,0.9070392331641024,0.9665552053092653,0.05951597214516291,1440,10.0,10.0,covariance_state,hard,resnet1d,True,False,none,True,random_unit_z_direction,1.0,30,0,,,,,,,2.914525225864006,,
natops,2,pca_cov_state,success,,0.9070392331641024,0.9265130465331671,0.01947381336906473,1440,10.0,10.0,covariance_state,hard,resnet1d,True,False,none,True,pca_top_z_direction,0.972027972027972,21,0,,,,,,,2.915079182820941,10.0,0.7687193155288696
natops,2,csta_top1_current,success,,0.9070392331641024,0.9604946174708764,0.05345538430677399,1440,10.0,10.0,covariance_template,hard,resnet1d,True,False,none,True,anchor_top_response,1.0,30,0,,,,,,,,,
natops,2,csta_group_template_top,success,,0.9070392331641024,0.947798955884713,0.04075972272061057,1440,10.0,10.0,covariance_template,hard,resnet1d,True,False,none,True,group_center_top_response,1.0,30,0,,,,,,,,,
natops,3,no_aug,success,,0.9205883200225039,0.9205883200225039,0.0,0,0.0,0.0,none,hard,resnet1d,True,False,none,True,none,0.9458874458874459,30,0,,,,,,,,,
natops,3,raw_aug_jitter,success,,0.9205883200225039,0.9553315606896798,0.034743240667175934,1440,10.0,10.0,raw_time,hard,resnet1d,True,True,tsaug,True,repeat_train_anchors_addnoise,0.972027972027972,30,0,,,,,,,,,
natops,3,raw_aug_scaling,success,,0.9205883200225039,0.9215371278214929,0.000948807798988982,1440,10.0,10.0,raw_time,hard,resnet1d,True,False,none,True,repeat_train_anchors_amplitude_uniform,0.9720279720279721,29,0,0.8,1.2,,,,,,,
natops,3,raw_aug_timewarp,success,,0.9205883200225039,0.9368102432229722,0.016221923200468336,1440,10.0,10.0,raw_time,hard,resnet1d,True,True,tsaug,True,repeat_train_anchors_timewarp,0.9720279720279721,30,0,,,,,,,,,
natops,3,raw_mixup,success,,0.9205883200225039,0.9140585993711464,-0.006529720651357485,1440,10.0,10.0,raw_mixup,soft,resnet1d,True,False,none,True,train_split_random_pair_beta,0.9458874458874459,17,0,,,0.4,,,,,,
natops,3,dba_sameclass,success,,0.9205883200225039,0.9553391164665586,0.034750796444054655,1440,10.0,10.0,dtw_barycenter,hard,resnet1d,True,True,tslearn,True,same_class_dba,0.972027972027972,30,0,,,,5.0,5.0,,,,
natops,3,raw_smote_flatten_balanced,success,,0.9205883200225039,0.9205883200225039,0.0,0,0.0,0.0,flattened_raw,hard,resnet1d,True,True,imbalanced-learn,False,class_balancing_smote_auto,0.9458874458874459,30,0,,,,,,5.0,,,
natops,3,random_cov_state,success,,0.9205883200225039,0.9442145349933976,0.023626214970893678,1440,10.0,10.0,covariance_state,hard,resnet1d,True,False,none,True,random_unit_z_direction,0.972027972027972,30,0,,,,,,,2.9214074390603595,,
natops,3,pca_cov_state,success,,0.9205883200225039,0.9551570418780396,0.03456872185553572,1440,10.0,10.0,covariance_state,hard,resnet1d,True,False,none,True,pca_top_z_direction,0.9720279720279721,30,0,,,,,,,2.921629068202888,10.0,0.7715585231781006
natops,3,csta_top1_current,success,,0.920588320022504,0.9610222820054012,0.04043396198289717,1440,10.0,10.0,covariance_template,hard,resnet1d,True,False,none,True,anchor_top_response,0.972027972027972,19,0,,,,,,,,,
natops,3,csta_group_template_top,success,,0.920588320022504,0.972214504028897,0.05162618400639296,1440,10.0,10.0,covariance_template,hard,resnet1d,True,False,none,True,group_center_top_response,0.972027972027972,14,0,,,,,,,,,
racketsports,1,no_aug,success,,0.8656212251404092,0.8656212251404092,0.0,0,0.0,0.0,none,hard,resnet1d,True,False,none,True,none,0.9409722222222222,30,0,,,,,,,,,
racketsports,1,raw_aug_jitter,success,,0.8656212251404092,0.8786549707602339,0.013033745619824733,1200,10.0,10.0,raw_time,hard,resnet1d,True,True,tsaug,True,repeat_train_anchors_addnoise,0.9705882352941176,15,0,,,,,,,,,
racketsports,1,raw_aug_scaling,success,,0.8656212251404092,0.8629951980792316,-0.0026260270611775383,1200,10.0,10.0,raw_time,hard,resnet1d,True,False,none,True,repeat_train_anchors_amplitude_uniform,0.9705882352941176,13,0,0.8,1.2,,,,,,,
racketsports,1,raw_aug_timewarp,success,,0.8656212251404092,0.9024988909020801,0.03687766576167095,1200,10.0,10.0,raw_time,hard,resnet1d,True,True,tsaug,True,repeat_train_anchors_timewarp,0.9705882352941176,30,0,,,,,,,,,
racketsports,1,raw_mixup,success,,0.8656212251404092,0.9150584795321637,0.049437254391754504,1200,10.0,10.0,raw_mixup,soft,resnet1d,True,False,none,True,train_split_random_pair_beta,0.9705882352941176,15,0,,,0.4,,,,,,
racketsports,1,dba_sameclass,success,,0.8656212251404092,0.8670838823012736,0.0014626571608644667,1200,10.0,10.0,dtw_barycenter,hard,resnet1d,True,True,tslearn,True,same_class_dba,0.9705882352941176,18,0,,,,5.0,5.0,,,,
racketsports,1,raw_smote_flatten_balanced,success,,0.8656212251404092,0.8517108335871661,-0.013910391553243029,16,0.13333333333333333,0.13333333333333333,flattened_raw,hard,resnet1d,True,True,imbalanced-learn,False,class_balancing_smote_auto,0.9392857142857143,28,0,,,,,,5.0,,,
racketsports,1,random_cov_state,success,,0.8656212251404092,0.8852757165720937,0.019654491431684518,1200,10.0,10.0,covariance_state,hard,resnet1d,True,False,none,True,random_unit_z_direction,0.9409722222222222,30,0,,,,,,,0.00012104707091044239,,
racketsports,1,pca_cov_state,success,,0.8656212251404092,0.8644622412228047,-0.0011589839176044947,1200,10.0,10.0,covariance_state,hard,resnet1d,True,False,none,True,pca_top_z_direction,0.9409722222222222,30,0,,,,,,,0.00012104215781355955,10.0,0.8398932814598083
racketsports,1,csta_top1_current,success,,0.8656212251404092,0.8899359908344853,0.02431476569407609,1200,10.0,10.0,covariance_template,hard,resnet1d,True,False,none,True,anchor_top_response,0.9388888888888888,26,0,,,,,,,,,
racketsports,1,csta_group_template_top,success,,0.8656212251404092,0.8777786079874472,0.012157382847038045,1200,10.0,10.0,covariance_template,hard,resnet1d,True,False,none,True,group_center_top_response,0.9409722222222222,30,0,,,,,,,,,
racketsports,2,no_aug,success,,0.8588293650793651,0.8588293650793651,0.0,0,0.0,0.0,none,hard,resnet1d,True,False,none,True,none,0.9701754385964912,30,0,,,,,,,,,
racketsports,2,raw_aug_jitter,success,,0.8588293650793651,0.8587010954616588,-0.0001282696177062892,1200,10.0,10.0,raw_time,hard,resnet1d,True,True,tsaug,True,repeat_train_anchors_addnoise,0.9701754385964912,30,0,,,,,,,,,
racketsports,2,raw_aug_scaling,success,,0.8588293650793651,0.8843465202982601,0.02551715521889497,1200,10.0,10.0,raw_time,hard,resnet1d,True,False,none,True,repeat_train_anchors_amplitude_uniform,1.0,30,0,0.8,1.2,,,,,,,
racketsports,2,raw_aug_timewarp,success,,0.8588293650793651,0.8911820063993977,0.03235264132003257,1200,10.0,10.0,raw_time,hard,resnet1d,True,True,tsaug,True,repeat_train_anchors_timewarp,1.0,27,0,,,,,,,,,
racketsports,2,raw_mixup,success,,0.8588293650793651,0.9023612261806131,0.04353186110124796,1200,10.0,10.0,raw_mixup,soft,resnet1d,True,False,none,True,train_split_random_pair_beta,1.0,15,0,,,0.4,,,,,,
racketsports,2,dba_sameclass,success,,0.8588293650793651,0.8782127560772347,0.019383390997869565,1200,10.0,10.0,dtw_barycenter,hard,resnet1d,True,True,tslearn,True,same_class_dba,0.9705882352941176,30,0,,,,5.0,5.0,,,,
racketsports,2,raw_smote_flatten_balanced,success,,0.8588293650793651,0.8520898641588297,-0.006739500920535435,16,0.13333333333333333,0.13333333333333333,flattened_raw,hard,resnet1d,True,True,imbalanced-learn,False,class_balancing_smote_auto,0.9409722222222222,17,0,,,,,,5.0,,,
racketsports,2,random_cov_state,success,,0.8588293650793651,0.8722502514351462,0.013420886355781092,1200,10.0,10.0,covariance_state,hard,resnet1d,True,False,none,True,random_unit_z_direction,1.0,30,0,,,,,,,0.00013395705742745743,,
racketsports,2,pca_cov_state,success,,0.8588293650793651,0.872829417773238,0.014000052693872833,1200,10.0,10.0,covariance_state,hard,resnet1d,True,False,none,True,pca_top_z_direction,0.9081453634085213,14,0,,,,,,,0.00013396381950447507,10.0,0.8395488262176514
racketsports,2,csta_top1_current,success,,0.8588293650793651,0.877184664584263,0.018355299504897893,1200,10.0,10.0,covariance_template,hard,resnet1d,True,False,none,True,anchor_top_response,1.0,27,0,,,,,,,,,
racketsports,2,csta_group_template_top,success,,0.8588293650793651,0.877184664584263,0.018355299504897893,1200,10.0,10.0,covariance_template,hard,resnet1d,True,False,none,True,group_center_top_response,1.0,27,0,,,,,,,,,
racketsports,3,no_aug,success,,0.8843719087962982,0.8843719087962982,0.0,0,0.0,0.0,none,hard,resnet1d,True,False,none,True,none,0.9705882352941176,30,0,,,,,,,,,
racketsports,3,raw_aug_jitter,success,,0.8843719087962982,0.8765696719959025,-0.007802236800395712,1200,10.0,10.0,raw_time,hard,resnet1d,True,True,tsaug,True,repeat_train_anchors_addnoise,0.9105263157894736,30,0,,,,,,,,,
racketsports,3,raw_aug_scaling,success,,0.8843719087962982,0.8535353535353536,-0.030836555260944642,1200,10.0,10.0,raw_time,hard,resnet1d,True,False,none,True,repeat_train_anchors_amplitude_uniform,0.9117647058823529,13,0,0.8,1.2,,,,,,,
racketsports,3,raw_aug_timewarp,success,,0.8843719087962982,0.9095860566448801,0.02521414784858189,1200,10.0,10.0,raw_time,hard,resnet1d,True,True,tsaug,True,repeat_train_anchors_timewarp,0.9705882352941176,30,0,,,,,,,,,
racketsports,3,raw_mixup,success,,0.8843719087962982,0.9023612261806131,0.017989317384314862,1200,10.0,10.0,raw_mixup,soft,resnet1d,True,False,none,True,train_split_random_pair_beta,0.9705882352941176,30,0,,,0.4,,,,,,
racketsports,3,dba_sameclass,success,,0.8843719087962982,0.8722141673570837,-0.012157741439214553,1200,10.0,10.0,dtw_barycenter,hard,resnet1d,True,True,tslearn,True,same_class_dba,0.9409722222222222,30,0,,,,5.0,5.0,,,,
racketsports,3,raw_smote_flatten_balanced,success,,0.8843719087962982,0.8559777571825764,-0.02839415161372183,16,0.13333333333333333,0.13333333333333333,flattened_raw,hard,resnet1d,True,True,imbalanced-learn,False,class_balancing_smote_auto,0.9105263157894736,20,0,,,,,,5.0,,,
racketsports,3,random_cov_state,success,,0.8843719087962982,0.8963906898179199,0.012018781021621683,1200,10.0,10.0,covariance_state,hard,resnet1d,True,False,none,True,random_unit_z_direction,0.9105263157894736,30,0,,,,,,,0.00012303260798695776,,
racketsports,3,pca_cov_state,success,,0.8843719087962982,0.9023612261806131,0.017989317384314862,1200,10.0,10.0,covariance_state,hard,resnet1d,True,False,none,True,pca_top_z_direction,0.9105263157894736,30,0,,,,,,,0.00012300604793836082,10.0,0.8435896039009094
racketsports,3,csta_top1_current,success,,0.8843719087962982,0.8491959064327486,-0.035176002363549674,1200,10.0,10.0,covariance_template,hard,resnet1d,True,False,none,True,anchor_top_response,0.9409722222222222,13,0,,,,,,,,,
racketsports,3,csta_group_template_top,success,,0.8843719087962982,0.9216412490922294,0.03726934029593121,1200,10.0,10.0,covariance_template,hard,resnet1d,True,False,none,True,group_center_top_response,0.9409722222222222,30,0,,,,,,,,,
